<?xml version="1.0" encoding="utf-8"?>
<extension version="1.6.0" type="plugin" group="system" method="upgrade" client="site">
	<name>System - ARI Docs Viewer</name>
	<author>ARI Soft</author>
	<creationDate>April 2011</creationDate>
	<copyright>ARI Soft</copyright>
	<license>GNU/GPL license (http://www.gnu.org/copyleft/gpl.html)</license>
	<authorEmail>info@ari-soft.com</authorEmail>
	<authorUrl>www.ari-soft.com</authorUrl>
	<version>1.0.3</version>
	<description>ARI_DOCS_VIEWER_PLUGIN</description>
	<scriptfile>script.php</scriptfile>
	<files folder="install">
		<filename plugin="aridocsviewer">aridocsviewer.php</filename>
		<filename plugin="aridocsviewer">aridocsviewer.xml</filename>
		<folder>aridocsviewer/</folder>
		<folder>help/</folder>
	</files>
	<languages>
		<language tag="en-GB">install/language/en-GB/en-GB.plg_system_aridocsviewer.ini</language>
		<language tag="en-GB">install/language/en-GB/en-GB.plg_system_aridocsviewer.sys.ini</language>
	</languages>
</extension>